요구사항ID,요구사항명,하위 요구사항ID,하위 요구사항명,상세 설명
REQ-APP-001,사용자 인증 관리,REQ-APP-001-01,회원가입,이메일과 닉네임과 비밀번호를 입력받아 새로운 계정을 생성한다. 입력 검증 및 중복 확인을 포함한다.
REQ-APP-001,사용자 인증 관리,REQ-APP-001-02,로그인,등록된 이메일과 비밀번호로 로그인하여 JWT 토큰을 발급받는다. 로그인 실패 시 키보드 위에 에러 토스트를 표시한다.
REQ-APP-001,사용자 인증 관리,REQ-APP-001-03,로그아웃,현재 세션을 종료하고 로컬 저장된 토큰을 삭제한다. 확인 다이얼로그를 통해 사용자 의사를 재확인한다.
REQ-APP-001,사용자 인증 관리,REQ-APP-001-04,자동 로그인,로컬에 저장된 토큰을 확인하여 앱 시작 시 자동으로 인증 상태를 복원한다.
REQ-APP-001,사용자 인증 관리,REQ-APP-001-05,자동 토큰 갱신,API 호출 시 401 에러 발생하면 refreshToken을 사용하여 accessToken을 자동으로 갱신한다.
REQ-APP-001,사용자 인증 관리,REQ-APP-001-06,토큰 만료 감지,Dio Interceptor를 통해 HTTP 401 응답을 자동으로 감지하고 토큰 갱신 프로세스를 시작한다.
REQ-APP-001,사용자 인증 관리,REQ-APP-001-07,토큰 갱신 재시도,토큰 갱신 성공 시 원본 API 요청을 새로운 accessToken으로 자동 재시도한다.
REQ-APP-001,사용자 인증 관리,REQ-APP-001-08,리프레시 토큰 만료 처리,refreshToken이 만료되거나 없을 경우 자동으로 로그인 화면으로 리다이렉트한다.
REQ-APP-001,사용자 인증 관리,REQ-APP-001-09,토큰 로컬 저장소 업데이트,토큰 갱신 성공 시 로컬 저장소의 accessToken과 refreshToken을 새 값으로 업데이트한다.
REQ-APP-001,사용자 인증 관리,REQ-APP-001-10,인증 헤더 자동 삽입,API 요청 시 Interceptor가 자동으로 Authorization Bearer 헤더를 추가한다.
REQ-APP-002,XRP 실시간 모니터링,REQ-APP-002-01,실시간 가격 조회,WebSocket을 통해 KRW-XRP 실시간 거래가를 조회하고 표시한다.
REQ-APP-002,XRP 실시간 모니터링,REQ-APP-002-02,캔들스틱 차트,업비트 API를 통해 XRP 캔들 데이터를 조회하고 차트로 시각화한다. 최대 200개 캔들 데이터를 유지한다.
REQ-APP-002,XRP 실시간 모니터링,REQ-APP-002-03,실시간 데이터 스트리밍,Socket.io를 통해 실시간 캔들 및 ticker 데이터를 수신하고 차트를 업데이트한다.
REQ-APP-003,포트폴리오 관리,REQ-APP-003-01,보유 수량 등록,사용자의 XRP 보유 수량을 입력받아 저장한다.
REQ-APP-003,포트폴리오 관리,REQ-APP-003-02,평균 매수가 등록,XRP 평균 매수가를 입력받아 저장한다.
REQ-APP-003,포트폴리오 관리,REQ-APP-003-03,수익률 계산,현재 XRP 가격과 평균 매수가를 비교하여 실시간 수익률을 계산 및 표시한다.
REQ-APP-003,포트폴리오 관리,REQ-APP-003-04,포트폴리오 수정,기존 포트폴리오 정보(수량으로 평균가 및 메모)를 수정할 수 있다.
REQ-APP-004,XRP 관련 콘텐츠 소비,REQ-APP-004-01,뉴스 조회,외부 뉴스 API를 통해 XRP 관련 최신 뉴스를 조회하고 카드 형태로 표시한다.
REQ-APP-004,XRP 관련 콘텐츠 소비,REQ-APP-004-02,뉴스 lazy loading,뉴스목록을 스크롤 시 추가 데이터를 동적으로 로드한다.
REQ-APP-004,XRP 관련 콘텐츠 소비,REQ-APP-004-03,뉴스 상세 보기,뉴스 카드 클릭 시 해당 뉴스의 원본 웹페이지로 이동한다. url_launcher 패키지를 통해 외부 브라우저에서 링크를 연다.
REQ-APP-004,XRP 관련 콘텐츠 소비,REQ-APP-004-04,트위터 조회,Twitter API를 통해 XRP 관련 트윗을 조회하고 표시한다.
REQ-APP-004,XRP 관련 콘텐츠 소비,REQ-APP-004-05,트위터 lazy loading,트위터 피드를 스크롤 시 추가 데이터를 동적으로 로드한다.
REQ-APP-004,XRP 관련 콘텐츠 소비,REQ-APP-004-06,트위터 상세 보기,트위터 카드 클릭 시 해당 트윗의 원본 트위터 페이지로 이동한다. 외부 브라우저 또는 트위터 앱으로 딥링크 연결한다.
REQ-APP-004,XRP 관련 콘텐츠 소비,REQ-APP-004-07,유튜브 영상 조회,YouTube API를 통해 XRP 관련 영상을 조회하고 썸네일과 함께 표시한다.
REQ-APP-004,XRP 관련 콘텐츠 소비,REQ-APP-004-08,유튜브 lazy loading,유튜브 영상목록을 스크롤 시 추가 데이터를 동적으로 로드한다.
REQ-APP-004,XRP 관련 콘텐츠 소비,REQ-APP-004-09,유튜브 모달 재생,"유튜브 영상 카드 클릭 시 앱 내 모달 플레이어를 표시한다.
전체화면 모달로 동영상 재생 인터페이스를 제공한다."
REQ-APP-004,XRP 관련 콘텐츠 소비,REQ-APP-004-10,유튜브 모달 닫기,유튜브 재생 모달에서 닫기 버튼 또는 뒤로 가기 제스처로 모달을 닫고 기존 화면으로 복귀한다.
REQ-APP-005,앱 버전 관리,REQ-APP-005-01,앱 버전 체크,서버 API를 통해 현재 앱 버전이 최신인지 확인한다.
REQ-APP-005,앱 버전 관리,REQ-APP-005-02,네이티브 푸시 알림,앱 버전이 구버전이거나 서비스 점검 시 MethodChannel을 통해 네이티브 푸시 알림을 표시한다.
REQ-APP-005,앱 버전 관리,REQ-APP-005-03,네이티브 진동 피드백,앱 상태 알림 시 MethodChannel을 통해 네이티브 진동을 실행하여 사용자 주의를 집중시킨다.
REQ-APP-005,앱 버전 관리,REQ-APP-005-04,버전 에러 화면,앱 버전이 부적절할 때 사용자에게 업데이트 안내 화면을 표시한다.
REQ-APP-006,탭 기반 네비게이션,REQ-APP-006-01,메인 탭 네비게이션,하단 탭바를 통해 Monitor와 Twitter와 YouTube와 News 그리고 Settings 화면 간 이동이 가능하다.
REQ-APP-006,탭 기반 네비게이션,REQ-APP-006-02,Auto Route 기반 라우팅,선언적 라우팅을 통해 화면 간 네비게이션을 관리한다.
REQ-APP-007,상태 관리,REQ-APP-007-01,Riverpod 상태 관리,앱 전역 상태를 Riverpod Provider를 통해 관리한다.
REQ-APP-007,상태 관리,REQ-APP-007-02,로컬 저장소 관리,SharedPreferences를 통해 사용자 토큰 및 설정 정보를 로컬에 저장한다.
REQ-APP-007,상태 관리,REQ-APP-007-03,토큰 상태 실시간 동기화,토큰 갱신시 Riverpod Authentication Provider 상태를 실시간으로 업데이트 한다.
REQ-APP-008,크로스 플랫폼 네이티브 통신,REQ-APP-008-01,MethodChannel 브리지,Flutter와 Android/iOS 네이티브 코드 간 양방향 통신을 제공한다.
REQ-APP-008,크로스 플랫폼 네이티브 통신,REQ-APP-008-02,Android 네이티브 알림,Android NotificationManager를 통해 시스템 알림을 표시한다.
REQ-APP-008,크로스 플랫폼 네이티브 통신,REQ-APP-008-03,Android 네이티브 진동,Android Vibrator 서비스를 통해 진동 피드백을 제공한다.
REQ-APP-008,크로스 플랫폼 네이티브 통신,REQ-APP-008-04,iOS 네이티브 알림,iOS UserNotifications 프레임워크를 통해 시스템 알림을 표시한다.
REQ-APP-008,크로스 플랫폼 네이티브 통신,REQ-APP-008-05,iOS 네이티브 진동,iOS AudioToolbox와 UIImpactFeedbackGenerator를 통해 햅틱 피드백을 제공한다.
REQ-APP-009,사용자 경험 개선,REQ-APP-009-01,키보드 감지 토스트,가상 키보드 상태를 감지하여 토스트 메시지가 키보드에 가려지지 않도록 위치를 조정한다.
REQ-APP-009,사용자 경험 개선,REQ-APP-009-02,로딩 상태 표시,API 호출 중 사용자에게 로딩 상태를 시각적으로 표시한다.
REQ-APP-009,사용자 경험 개선,REQ-APP-009-03,에러 핸들링,네트워크 오류와 API 오류 등 예외 상황에 대한 적절한 사용자 피드백을 제공한다.
REQ-APP-009,사용자 경험 개선,REQ-APP-009-04,외부 링크 안전성 검증,외부 URL 이동 전 유효성을 검증하고 실패 시 사용자에게 오류 메시지를 표시한다.
REQ-APP-009,사용자 경험 개선,REQ-APP-009-05,투명한 토큰 관리,사용자는 토큰 갱신 과정을 인지하지 못하고 seamless하게 API 호출이 지속된다.
REQ-APP-010,코드 생성 및 관리,REQ-APP-010-01,Freezed 코드 생성,불변 데이터 클래스 자동 생성을 통해 타입 안정성을 보장한다.
REQ-APP-010,코드 생성 및 관리,REQ-APP-010-02,JSON 직렬화,API 응답 데이터의 자동 직렬화/역직렬화를 지원한다.
REQ-APP-010,코드 생성 및 관리,REQ-APP-010-03,라우트 코드 생성,Auto Route를 통한 타입 안전 라우팅 코드를 자동 생성한다.
REQ-APP-011,개발 도구 지원,REQ-APP-011-01,FVM 버전 관리,Flutter Version Manager를 통해 프로젝트별 Flutter 버전을 관리한다.
REQ-APP-011,개발 도구 지원,REQ-APP-011-02,Build Runner 워치 모드,개발 중 코드 변경 시 자동으로 생성 코드를 업데이트한다.
REQ-APP-011,개발 도구 지원,REQ-APP-011-03,린트 및 분석,flutter_lints와 riverpod_lint를 통해 코드 품질을 관리한다.
REQ-APP-012,뉴스 분석 시스템 (Isolate),REQ-APP-012-01,Isolate 기반 백그라운드 뉴스 분석,Flutter Isolate를 활용하여 UI 블로킹 없이 백그라운드에서 대량의 뉴스 데이터를 분석한다.
REQ-APP-012,뉴스 분석 시스템 (Isolate),REQ-APP-012-02,감성 분석 (Sentiment Analysis),동적 키워드 API와 기본 키워드를 활용하여 뉴스의 감성(긍정/부정/중립)을 분석한다. 가중치 시스템을 통해 키워드별 중요도를 차별화한다.
REQ-APP-012,뉴스 분석 시스템 (Isolate),REQ-APP-012-03,키워드 추출 및 우선순위화,뉴스 제목과 본문에서 관련 키워드를 추출하고 중요도에 따라 우선순위를 매겨 최대 5개까지 선별한다.
REQ-APP-012,뉴스 분석 시스템 (Isolate),REQ-APP-012-04,중요도 점수 계산,키워드 가중치(60%)와 제목 키워드(20%)와 감성 신뢰도(15%)와 키워드 개수(15%)와 텍스트 길이(10%)와 최신성(10%)을 종합하여 0.0-1.0 범위의 중요도 점수를 계산한다.
REQ-APP-012,뉴스 분석 시스템 (Isolate),REQ-APP-012-05,엔티티 추출,정규식을 활용하여 뉴스에서 회사명과 인명 등 핵심 엔티티를 추출한다. 최대 3개까지 제한한다.
REQ-APP-012,뉴스 분석 시스템 (Isolate),REQ-APP-012-06,읽기 시간 추정,뉴스 텍스트 길이를 기반으로 평균 읽기 속도(분당 200단어)를 적용하여 예상 읽기 시간을 분 단위로 계산한다.
REQ-APP-012,뉴스 분석 시스템 (Isolate),REQ-APP-012-07,동적 키워드 관리,서버 API를 통해 키워드와 가중치를 실시간으로 업데이트하고 관리한다. 키워드별 활성화/비활성화 기능을 제공한다.
REQ-APP-012,뉴스 분석 시스템 (Isolate),REQ-APP-012-08,폴백 시스템,API 키워드 로딩 실패 시 기본 하드코딩된 키워드로 안정적인 분석을 보장한다.
REQ-APP-012,뉴스 분석 시스템 (Isolate),REQ-APP-012-09,신뢰도 계산,감성 분석 결과의 신뢰도를 0.0-1.0 범위로 계산하여 분석 결과의 정확도를 평가한다.
REQ-APP-012,뉴스 분석 시스템 (Isolate),REQ-APP-012-10,분석 결과 데이터 모델,AnalyzedNews 모델을 통해 원본 뉴스와 감성 분석과 키워드와 중요도 점수와 엔티티와 읽기 시간을 포함한 분석 결과를 구조화한다.
REQ-APP-012,뉴스 분석 시스템 (Isolate),REQ-APP-012-11,실시간 처리 성능 모니터링,Isolate 분석 작업의 처리 시간을 측정하고 성능 지표를 제공한다. (평균 100개 뉴스당 200-500ms)
REQ-APP-012,뉴스 분석 시스템 (Isolate),REQ-APP-012-12,분석 결과 화면 표시,NewsAnalysisScreen을 통해 분석된 뉴스를 감성별과 중요도별로 필터링하고 정렬하여 사용자에게 표시한다.